StockItemKey|WWIStockItemID|StockItem|SellingPackage|BuyingPackage|Brand|QuantityPerOuter|IsChillerStock|TaxRate|UnitPrice|RecommendedRetailPrice|TypicalWeightPerUnit|ValidFrom|ValidTo
0|0|Unknown|N/A|N/A|N/A|0|N|0.0|0.0|0.0|0.0|2013-01-01 00:00:00.0000000|9999-12-31 23:59:59.9999999
603|1|USB missile launcher (Green)|Each|Each|N/A|1|N|14.0|25.0|37.38|0.3|2016-05-31 23:11:00.0000000|9999-12-31 23:59:59.9999999
218|2|USB rocket launcher (Gray)|Each|Each|N/A|1|N|14.0|25.0|37.38|0.3|2013-01-01 00:00:00.0000000|2016-05-31 23:00:00.0000000
604|2|USB rocket launcher (Gray)|Each|Each|N/A|1|N|14.0|25.0|37.38|0.3|2016-05-31 23:11:00.0000000|9999-12-31 23:59:59.9999999
398|3|Office cube periscope (Black)|Each|Carton|N/A|10|N|14.0|18.5|27.66|0.25|2016-05-31 23:00:00.0000000|9999-12-31 23:59:59.9999999
591|4|USB food flash drive - sushi roll|Each|Each|N/A|1|N|14.0|32.0|47.84|0.05|2016-05-31 23:11:00.0000000|9999-12-31 23:59:59.9999999
592|5|USB food flash drive - hamburger|Each|Each|N/A|1|N|14.0|32.0|47.84|0.05|2016-05-31 23:11:00.0000000|9999-12-31 23:59:59.9999999
593|6|USB food flash drive - hot dog|Each|Each|N/A|1|N|14.0|32.0|47.84|0.05|2016-05-31 23:11:00.0000000|9999-12-31 23:59:59.9999999
594|7|USB food flash drive - pizza slice|Each|Each|N/A|1|N|14.0|32.0|47.84|0.05|2016-05-31 23:11:00.0000000|9999-12-31 23:59:59.9999999
595|8|USB food flash drive - dim sum 10 drive variety pack|Packet|Packet|N/A|1|N|14.0|240.0|358.8|0.5|2016-05-31 23:11:00.0000000|9999-12-31 23:59:59.9999999
596|9|USB food flash drive - banana|Each|Each|N/A|1|N|14.0|32.0|47.84|0.05|2016-05-31 23:11:00.0000000|9999-12-31 23:59:59.9999999
597|10|USB food flash drive - chocolate bar|Each|Each|N/A|1|N|14.0|32.0|47.84|0.05|2016-05-31 23:11:00.0000000|9999-12-31 23:59:59.9999999
598|11|USB food flash drive - cookie|Each|Each|N/A|1|N|14.0|32.0|47.84|0.05|2016-05-31 23:11:00.0000000|9999-12-31 23:59:59.9999999
599|12|USB food flash drive - donut|Each|Each|N/A|1|N|14.0|32.0|47.84|0.05|2016-05-31 23:11:00.0000000|9999-12-31 23:59:59.9999999
600|13|USB food flash drive - shrimp cocktail|Each|Each|N/A|1|N|14.0|32.0|47.84|0.05|2016-05-31 23:11:00.0000000|9999-12-31 23:59:59.9999999
601|14|USB food flash drive - fortune cookie|Each|Each|N/A|1|N|14.0|32.0|47.84|0.05|2016-05-31 23:11:00.0000000|9999-12-31 23:59:59.9999999
602|15|USB food flash drive - dessert 10 drive variety pack|Packet|Packet|N/A|1|N|14.0|240.0|358.8|0.5|2016-05-31 23:11:00.0000000|9999-12-31 23:59:59.9999999
549|16|DBA joke mug - mind if I join you? (White)|Each|Each|N/A|1|N|12.0|13.0|19.44|0.15|2016-05-31 23:10:00.0000000|9999-12-31 23:59:59.9999999
550|17|DBA joke mug - mind if I join you? (Black)|Each|Each|N/A|1|N|12.0|13.0|19.44|0.15|2016-05-31 23:10:00.0000000|9999-12-31 23:59:59.9999999
551|18|DBA joke mug - daaaaaa-ta (White)|Each|Each|N/A|1|N|12.0|13.0|19.44|0.15|2016-05-31 23:10:00.0000000|9999-12-31 23:59:59.9999999
552|19|DBA joke mug - daaaaaa-ta (Black)|Each|Each|N/A|1|N|12.0|13.0|19.44|0.15|2016-05-31 23:10:00.0000000|9999-12-31 23:59:59.9999999
553|20|DBA joke mug - you might be a DBA if (White)|Each|Each|N/A|1|N|12.0|13.0|19.44|0.15|2016-05-31 23:10:00.0000000|9999-12-31 23:59:59.9999999
554|21|DBA joke mug - you might be a DBA if (Black)|Each|Each|N/A|1|N|12.0|13.0|19.44|0.15|2016-05-31 23:10:00.0000000|9999-12-31 23:59:59.9999999
555|22|DBA joke mug - it depends (White)|Each|Each|N/A|1|N|12.0|13.0|19.44|0.15|2016-05-31 23:10:00.0000000|9999-12-31 23:59:59.9999999
556|23|DBA joke mug - it depends (Black)|Each|Each|N/A|1|N|12.0|13.0|19.44|0.15|2016-05-31 23:10:00.0000000|9999-12-31 23:59:59.9999999
557|24|DBA joke mug - I will get you in order (White)|Each|Each|N/A|1|N|12.0|13.0|19.44|0.15|2016-05-31 23:10:00.0000000|9999-12-31 23:59:59.9999999
558|25|DBA joke mug - I will get you in order (Black)|Each|Each|N/A|1|N|12.0|13.0|19.44|0.15|2016-05-31 23:10:00.0000000|9999-12-31 23:59:59.9999999
559|26|DBA joke mug - SELECT caffeine FROM mug (White)|Each|Each|N/A|1|N|12.0|13.0|19.44|0.15|2016-05-31 23:10:00.0000000|9999-12-31 23:59:59.9999999
560|27|DBA joke mug - SELECT caffeine FROM mug (Black)|Each|Each|N/A|1|N|12.0|13.0|19.44|0.15|2016-05-31 23:10:00.0000000|9999-12-31 23:59:59.9999999
561|28|DBA joke mug - two types of DBAs (White)|Each|Each|N/A|1|N|12.0|13.0|19.44|0.15|2016-05-31 23:10:00.0000000|9999-12-31 23:59:59.9999999
562|29|DBA joke mug - two types of DBAs (Black)|Each|Each|N/A|1|N|12.0|13.0|19.44|0.15|2016-05-31 23:10:00.0000000|9999-12-31 23:59:59.9999999
563|30|Developer joke mug - Oct 31 = Dec 25 (White)|Each|Each|N/A|1|N|12.0|13.0|19.44|0.15|2016-05-31 23:10:00.0000000|9999-12-31 23:59:59.9999999
564|31|Developer joke mug - Oct 31 = Dec 25 (Black)|Each|Each|N/A|1|N|12.0|13.0|19.44|0.15|2016-05-31 23:10:00.0000000|9999-12-31 23:59:59.9999999
565|32|Developer joke mug - that's a hardware problem (White)|Each|Each|N/A|1|N|12.0|13.0|19.44|0.15|2016-05-31 23:10:00.0000000|9999-12-31 23:59:59.9999999
566|33|Developer joke mug - that's a hardware problem (Black)|Each|Each|N/A|1|N|12.0|13.0|19.44|0.15|2016-05-31 23:10:00.0000000|9999-12-31 23:59:59.9999999
567|34|Developer joke mug - fun was unexpected at this time (White)|Each|Each|N/A|1|N|12.0|13.0|19.44|0.15|2016-05-31 23:10:00.0000000|9999-12-31 23:59:59.9999999
568|35|Developer joke mug - fun was unexpected at this time (Black)|Each|Each|N/A|1|N|12.0|13.0|19.44|0.15|2016-05-31 23:10:00.0000000|9999-12-31 23:59:59.9999999
569|36|Developer joke mug - when your hammer is C++ (White)|Each|Each|N/A|1|N|12.0|13.0|19.44|0.15|2016-05-31 23:10:00.0000000|9999-12-31 23:59:59.9999999
570|37|Developer joke mug - when your hammer is C++ (Black)|Each|Each|N/A|1|N|12.0|13.0|19.44|0.15|2016-05-31 23:10:00.0000000|9999-12-31 23:59:59.9999999
571|38|Developer joke mug - inheritance is the OO way to become wealthy (White)|Each|Each|N/A|1|N|12.0|13.0|19.44|0.15|2016-05-31 23:10:00.0000000|9999-12-31 23:59:59.9999999
572|39|Developer joke mug - inheritance is the OO way to become wealthy (Black)|Each|Each|N/A|1|N|12.0|13.0|19.44|0.15|2016-05-31 23:10:00.0000000|9999-12-31 23:59:59.9999999
573|40|Developer joke mug - (hip, hip, array) (White)|Each|Each|N/A|1|N|12.0|13.0|19.44|0.15|2016-05-31 23:10:00.0000000|9999-12-31 23:59:59.9999999
574|41|Developer joke mug - (hip, hip, array) (Black)|Each|Each|N/A|1|N|12.0|13.0|19.44|0.15|2016-05-31 23:10:00.0000000|9999-12-31 23:59:59.9999999
575|42|Developer joke mug - understanding recursion requires understanding recursion (White)|Each|Each|N/A|1|N|12.0|13.0|19.44|0.15|2016-05-31 23:10:00.0000000|9999-12-31 23:59:59.9999999
576|43|Developer joke mug - understanding recursion requires understanding recursion (Black)|Each|Each|N/A|1|N|12.0|13.0|19.44|0.15|2016-05-31 23:10:00.0000000|9999-12-31 23:59:59.9999999
577|44|Developer joke mug - there are 10 types of people in the world (White)|Each|Each|N/A|1|N|12.0|13.0|19.44|0.15|2016-05-31 23:10:00.0000000|9999-12-31 23:59:59.9999999
578|45|Developer joke mug - there are 10 types of people in the world (Black)|Each|Each|N/A|1|N|12.0|13.0|19.44|0.15|2016-05-31 23:10:00.0000000|9999-12-31 23:59:59.9999999
579|46|Developer joke mug - a foo walks into a bar (White)|Each|Each|N/A|1|N|12.0|13.0|19.44|0.15|2016-05-31 23:10:00.0000000|9999-12-31 23:59:59.9999999
580|47|Developer joke mug - a foo walks into a bar (Black)|Each|Each|N/A|1|N|12.0|13.0|19.44|0.15|2016-05-31 23:10:00.0000000|9999-12-31 23:59:59.9999999
581|48|Developer joke mug - this code was generated by a tool (White)|Each|Each|N/A|1|N|12.0|13.0|19.44|0.15|2016-05-31 23:10:00.0000000|9999-12-31 23:59:59.9999999
582|49|Developer joke mug - this code was generated by a tool (Black)|Each|Each|N/A|1|N|12.0|13.0|19.44|0.15|2016-05-31 23:10:00.0000000|9999-12-31 23:59:59.9999999
583|50|Developer joke mug - old C developers never die (White)|Each|Each|N/A|1|N|12.0|13.0|19.44|0.15|2016-05-31 23:10:00.0000000|9999-12-31 23:59:59.9999999
584|51|Developer joke mug - old C developers never die (Black)|Each|Each|N/A|1|N|12.0|13.0|19.44|0.15|2016-05-31 23:10:00.0000000|9999-12-31 23:59:59.9999999
585|52|IT joke mug - keyboard not found � press F1 to continue (White)|Each|Each|N/A|1|N|12.0|13.0|19.44|0.15|2016-05-31 23:10:00.0000000|9999-12-31 23:59:59.9999999
586|53|IT joke mug - keyboard not found � press F1 to continue (Black)|Each|Each|N/A|1|N|12.0|13.0|19.44|0.15|2016-05-31 23:10:00.0000000|9999-12-31 23:59:59.9999999
587|54|IT joke mug - that behavior is by design (White)|Each|Each|N/A|1|N|12.0|13.0|19.44|0.15|2016-05-31 23:10:00.0000000|9999-12-31 23:59:59.9999999
588|55|IT joke mug - that behavior is by design (Black)|Each|Each|N/A|1|N|12.0|13.0|19.44|0.15|2016-05-31 23:10:00.0000000|9999-12-31 23:59:59.9999999
589|56|IT joke mug - hardware: part of the computer that can be kicked (White)|Each|Each|N/A|1|N|12.0|13.0|19.44|0.15|2016-05-31 23:10:00.0000000|9999-12-31 23:59:59.9999999
590|57|IT joke mug - hardware: part of the computer that can be kicked (Black)|Each|Each|N/A|1|N|12.0|13.0|19.44|0.15|2016-05-31 23:10:00.0000000|9999-12-31 23:59:59.9999999
467|58|RC toy sedan car with remote control (Black) 1/50 scale|Each|Each|Northwind|1|N|14.0|25.0|37.38|1.5|2016-05-31 23:02:00.0000000|9999-12-31 23:59:59.9999999
468|59|RC toy sedan car with remote control (Red) 1/50 scale|Each|Each|Northwind|1|N|14.0|25.0|37.38|1.5|2016-05-31 23:02:00.0000000|9999-12-31 23:59:59.9999999
469|60|RC toy sedan car with remote control (Blue) 1/50 scale|Each|Each|Northwind|1|N|14.0|25.0|37.38|1.5|2016-05-31 23:02:00.0000000|9999-12-31 23:59:59.9999999
470|61|RC toy sedan car with remote control (Green) 1/50 scale|Each|Each|Northwind|1|N|14.0|25.0|37.38|1.5|2016-05-31 23:02:00.0000000|9999-12-31 23:59:59.9999999
471|62|RC toy sedan car with remote control (Yellow) 1/50 scale|Each|Each|Northwind|1|N|14.0|25.0|37.38|1.5|2016-05-31 23:02:00.0000000|9999-12-31 23:59:59.9999999
472|63|RC toy sedan car with remote control (Pink) 1/50 scale|Each|Each|Northwind|1|N|14.0|25.0|37.38|1.5|2016-05-31 23:02:00.0000000|9999-12-31 23:59:59.9999999
473|64|RC vintage American toy coupe with remote control (Red) 1/50 scale|Each|Each|Northwind|1|N|14.0|30.0|44.85|1.7|2016-05-31 23:03:00.0000000|9999-12-31 23:59:59.9999999
474|65|RC vintage American toy coupe with remote control (Black) 1/50 scale|Each|Each|Northwind|1|N|14.0|30.0|44.85|1.7|2016-05-31 23:03:00.0000000|9999-12-31 23:59:59.9999999
466|66|RC big wheel monster truck with remote control (Black) 1/50 scale|Each|Each|Northwind|1|N|14.0|45.0|67.28|1.8|2016-05-31 23:02:00.0000000|9999-12-31 23:59:59.9999999
488|67|Ride on toy sedan car (Black) 1/12 scale|Each|Each|Northwind|1|N|14.0|230.0|343.85|15.0|2016-05-31 23:06:00.0000000|9999-12-31 23:59:59.9999999
489|68|Ride on toy sedan car (Red) 1/12 scale|Each|Each|Northwind|1|N|14.0|230.0|343.85|15.0|2016-05-31 23:06:00.0000000|9999-12-31 23:59:59.9999999
490|69|Ride on toy sedan car (Blue) 1/12 scale|Each|Each|Northwind|1|N|14.0|230.0|343.85|15.0|2016-05-31 23:06:00.0000000|9999-12-31 23:59:59.9999999
491|70|Ride on toy sedan car (Green) 1/12 scale|Each|Each|Northwind|1|N|14.0|230.0|343.85|15.0|2016-05-31 23:06:00.0000000|9999-12-31 23:59:59.9999999
492|71|Ride on toy sedan car (Yellow) 1/12 scale|Each|Each|Northwind|1|N|14.0|230.0|343.85|15.0|2016-05-31 23:06:00.0000000|9999-12-31 23:59:59.9999999
493|72|Ride on toy sedan car (Pink) 1/12 scale|Each|Each|Northwind|1|N|14.0|230.0|343.85|15.0|2016-05-31 23:06:00.0000000|9999-12-31 23:59:59.9999999
494|73|Ride on vintage American toy coupe (Red) 1/12 scale|Each|Each|Northwind|1|N|14.0|285.0|426.08|18.0|2016-05-31 23:06:00.0000000|9999-12-31 23:59:59.9999999
495|74|Ride on vintage American toy coupe (Black) 1/12 scale|Each|Each|Northwind|1|N|14.0|285.0|426.08|18.0|2016-05-31 23:06:00.0000000|9999-12-31 23:59:59.9999999
496|75|Ride on big wheel monster truck (Black) 1/12 scale|Each|Each|Northwind|1|N|14.0|345.0|515.78|21.0|2016-05-31 23:06:00.0000000|9999-12-31 23:59:59.9999999
399|76|"""The Gu"" red shirt XML tag t-shirt (White) 3XS"|Each|Carton|N/A|12|N|7.0|18.0|26.91|0.25|2016-05-31 23:00:00.0000000|9999-12-31 23:59:59.9999999
400|77|"""The Gu"" red shirt XML tag t-shirt (White) XXS"|Each|Carton|N/A|12|N|7.0|18.0|26.91|0.25|2016-05-31 23:00:00.0000000|9999-12-31 23:59:59.9999999
401|78|"""The Gu"" red shirt XML tag t-shirt (White) XS"|Each|Carton|N/A|12|N|7.0|18.0|26.91|0.25|2016-05-31 23:00:00.0000000|9999-12-31 23:59:59.9999999
402|79|"""The Gu"" red shirt XML tag t-shirt (White) S"|Each|Carton|N/A|12|N|7.0|18.0|26.91|0.3|2016-05-31 23:00:00.0000000|9999-12-31 23:59:59.9999999
403|80|"""The Gu"" red shirt XML tag t-shirt (White) M"|Each|Carton|N/A|12|N|7.0|18.0|26.91|0.35|2016-05-31 23:00:00.0000000|9999-12-31 23:59:59.9999999
404|81|"""The Gu"" red shirt XML tag t-shirt (White) L"|Each|Carton|N/A|12|N|7.0|18.0|26.91|0.35|2016-05-31 23:00:00.0000000|9999-12-31 23:59:59.9999999
405|82|"""The Gu"" red shirt XML tag t-shirt (White) XL"|Each|Carton|N/A|12|N|7.0|18.0|26.91|0.35|2016-05-31 23:00:00.0000000|9999-12-31 23:59:59.9999999
406|83|"""The Gu"" red shirt XML tag t-shirt (White) XXL"|Each|Carton|N/A|12|N|7.0|18.0|26.91|0.4|2016-05-31 23:00:00.0000000|9999-12-31 23:59:59.9999999
407|84|"""The Gu"" red shirt XML tag t-shirt (White) 3XL"|Each|Carton|N/A|12|N|7.0|18.0|26.91|0.4|2016-05-31 23:00:00.0000000|9999-12-31 23:59:59.9999999
408|85|"""The Gu"" red shirt XML tag t-shirt (White) 4XL"|Each|Carton|N/A|12|N|7.0|18.0|26.91|0.4|2016-05-31 23:00:00.0000000|9999-12-31 23:59:59.9999999
409|86|"""The Gu"" red shirt XML tag t-shirt (White) 5XL"|Each|Carton|N/A|12|N|7.0|18.0|26.91|0.4|2016-05-31 23:00:00.0000000|9999-12-31 23:59:59.9999999
410|87|"""The Gu"" red shirt XML tag t-shirt (White) 6XL"|Each|Carton|N/A|12|N|7.0|18.0|26.91|0.4|2016-05-31 23:00:00.0000000|9999-12-31 23:59:59.9999999
411|88|"""The Gu"" red shirt XML tag t-shirt (White) 7XL"|Each|Carton|N/A|12|N|7.0|18.0|26.91|0.45|2016-05-31 23:00:00.0000000|9999-12-31 23:59:59.9999999
412|89|"""The Gu"" red shirt XML tag t-shirt (Black) 3XS"|Each|Carton|N/A|12|N|7.0|18.0|26.91|0.25|2016-05-31 23:00:00.0000000|9999-12-31 23:59:59.9999999
413|90|"""The Gu"" red shirt XML tag t-shirt (Black) XXS"|Each|Carton|N/A|12|N|7.0|18.0|26.91|0.25|2016-05-31 23:00:00.0000000|9999-12-31 23:59:59.9999999
414|91|"""The Gu"" red shirt XML tag t-shirt (Black) XS"|Each|Carton|N/A|12|N|7.0|18.0|26.91|0.25|2016-05-31 23:00:00.0000000|9999-12-31 23:59:59.9999999
415|92|"""The Gu"" red shirt XML tag t-shirt (Black) S"|Each|Carton|N/A|12|N|7.0|18.0|26.91|0.3|2016-05-31 23:00:00.0000000|9999-12-31 23:59:59.9999999
416|93|"""The Gu"" red shirt XML tag t-shirt (Black) M"|Each|Carton|N/A|12|N|7.0|18.0|26.91|0.35|2016-05-31 23:00:00.0000000|9999-12-31 23:59:59.9999999
417|94|"""The Gu"" red shirt XML tag t-shirt (Black) L"|Each|Carton|N/A|12|N|7.0|18.0|26.91|0.35|2016-05-31 23:00:00.0000000|9999-12-31 23:59:59.9999999
418|95|"""The Gu"" red shirt XML tag t-shirt (Black) XL"|Each|Carton|N/A|12|N|7.0|18.0|26.91|0.35|2016-05-31 23:00:00.0000000|9999-12-31 23:59:59.9999999
419|96|"""The Gu"" red shirt XML tag t-shirt (Black) XXL"|Each|Carton|N/A|12|N|7.0|18.0|26.91|0.4|2016-05-31 23:00:00.0000000|9999-12-31 23:59:59.9999999
420|97|"""The Gu"" red shirt XML tag t-shirt (Black) 3XL"|Each|Carton|N/A|12|N|7.0|18.0|26.91|0.4|2016-05-31 23:00:00.0000000|9999-12-31 23:59:59.9999999
421|98|"""The Gu"" red shirt XML tag t-shirt (Black) 4XL"|Each|Carton|N/A|12|N|7.0|18.0|26.91|0.4|2016-05-31 23:00:00.0000000|9999-12-31 23:59:59.9999999
422|99|"""The Gu"" red shirt XML tag t-shirt (Black) 5XL"|Each|Carton|N/A|12|N|7.0|18.0|26.91|0.4|2016-05-31 23:00:00.0000000|9999-12-31 23:59:59.9999999
423|100|"""The Gu"" red shirt XML tag t-shirt (Black) 6XL"|Each|Carton|N/A|12|N|7.0|18.0|26.91|0.4|2016-05-31 23:00:00.0000000|9999-12-31 23:59:59.9999999
424|101|"""The Gu"" red shirt XML tag t-shirt (Black) 7XL"|Each|Carton|N/A|12|N|7.0|18.0|26.91|0.45|2016-05-31 23:00:00.0000000|9999-12-31 23:59:59.9999999
425|102|Alien officer hoodie (Black) XL|Each|Each|N/A|1|N|12.0|35.0|52.33|0.4|2016-05-31 23:00:00.0000000|9999-12-31 23:59:59.9999999
426|103|Alien officer hoodie (Black) XXL|Each|Each|N/A|1|N|12.0|35.0|52.33|0.4|2016-05-31 23:00:00.0000000|9999-12-31 23:59:59.9999999
427|104|Alien officer hoodie (Black) 3XL|Each|Each|N/A|1|N|12.0|35.0|52.33|0.4|2016-05-31 23:00:00.0000000|9999-12-31 23:59:59.9999999
428|105|Alien officer hoodie (Black) 4XL|Each|Each|N/A|1|N|12.0|35.0|52.33|0.4|2016-05-31 23:00:00.0000000|9999-12-31 23:59:59.9999999
429|106|Alien officer hoodie (Black) 5XL|Each|Each|N/A|1|N|12.0|35.0|52.33|0.4|2016-05-31 23:00:00.0000000|9999-12-31 23:59:59.9999999
430|107|Superhero action jacket (Blue) 3XS|Each|Each|N/A|1|N|12.0|25.0|37.38|0.3|2016-05-31 23:00:00.0000000|9999-12-31 23:59:59.9999999
431|108|Superhero action jacket (Blue) XXS|Each|Each|N/A|1|N|12.0|25.0|37.38|0.3|2016-05-31 23:00:00.0000000|9999-12-31 23:59:59.9999999
432|109|Superhero action jacket (Blue) XS|Each|Each|N/A|1|N|12.0|25.0|37.38|0.3|2016-05-31 23:00:00.0000000|9999-12-31 23:59:59.9999999
433|110|Superhero action jacket (Blue) S|Each|Each|N/A|1|N|12.0|25.0|37.38|0.3|2016-05-31 23:00:00.0000000|9999-12-31 23:59:59.9999999
434|111|Superhero action jacket (Blue) M|Each|Each|N/A|1|N|12.0|30.0|44.85|0.35|2016-05-31 23:00:00.0000000|9999-12-31 23:59:59.9999999
435|112|Superhero action jacket (Blue) L|Each|Each|N/A|1|N|12.0|30.0|44.85|0.35|2016-05-31 23:00:00.0000000|9999-12-31 23:59:59.9999999
436|113|Superhero action jacket (Blue) XL|Each|Each|N/A|1|N|12.0|30.0|44.85|0.35|2016-05-31 23:00:00.0000000|9999-12-31 23:59:59.9999999
437|114|Superhero action jacket (Blue) XXL|Each|Each|N/A|1|N|12.0|30.0|44.85|0.35|2016-05-31 23:00:00.0000000|9999-12-31 23:59:59.9999999
438|115|Superhero action jacket (Blue) 3XL|Each|Each|N/A|1|N|12.0|34.0|50.83|0.4|2016-05-31 23:00:00.0000000|9999-12-31 23:59:59.9999999
439|116|Superhero action jacket (Blue) 4XL|Each|Each|N/A|1|N|12.0|34.0|50.83|0.4|2016-05-31 23:00:00.0000000|9999-12-31 23:59:59.9999999
440|117|Superhero action jacket (Blue) 5XL|Each|Each|N/A|1|N|12.0|34.0|50.83|0.4|2016-05-31 23:00:00.0000000|9999-12-31 23:59:59.9999999
517|118|Dinosaur battery-powered slippers (Green) S|Each|Each|N/A|1|N|12.0|32.0|47.84|0.35|2016-05-31 23:08:00.0000000|9999-12-31 23:59:59.9999999
518|119|Dinosaur battery-powered slippers (Green) M|Each|Each|N/A|1|N|12.0|32.0|47.84|0.35|2016-05-31 23:08:00.0000000|9999-12-31 23:59:59.9999999
519|120|Dinosaur battery-powered slippers (Green) L|Each|Each|N/A|1|N|12.0|32.0|47.84|0.35|2016-05-31 23:08:00.0000000|9999-12-31 23:59:59.9999999
520|121|Dinosaur battery-powered slippers (Green) XL|Each|Each|N/A|1|N|12.0|32.0|47.84|0.4|2016-05-31 23:08:00.0000000|9999-12-31 23:59:59.9999999
521|122|Ogre battery-powered slippers (Green) S|Each|Each|N/A|1|N|12.0|32.0|47.84|0.35|2016-05-31 23:08:00.0000000|9999-12-31 23:59:59.9999999
522|123|Ogre battery-powered slippers (Green) M|Each|Each|N/A|1|N|12.0|32.0|47.84|0.35|2016-05-31 23:08:00.0000000|9999-12-31 23:59:59.9999999
523|124|Ogre battery-powered slippers (Green) L|Each|Each|N/A|1|N|12.0|32.0|47.84|0.35|2016-05-31 23:08:00.0000000|9999-12-31 23:59:59.9999999
524|125|Ogre battery-powered slippers (Green) XL|Each|Each|N/A|1|N|12.0|32.0|47.84|0.4|2016-05-31 23:08:00.0000000|9999-12-31 23:59:59.9999999
94|126|Plush shark slippers (Gray) S|Each|Each|N/A|1|N|12.0|32.0|47.84|0.35|2013-01-01 00:00:00.0000000|2016-05-31 23:00:00.0000000
525|126|Plush shark slippers (Gray) S|Each|Each|N/A|1|N|12.0|32.0|47.84|0.35|2016-05-31 23:08:00.0000000|9999-12-31 23:59:59.9999999
93|127|Plush shark slippers (Gray) M|Each|Each|N/A|1|N|12.0|32.0|47.84|0.35|2013-01-01 00:00:00.0000000|2016-05-31 23:00:00.0000000
526|127|Plush shark slippers (Gray) M|Each|Each|N/A|1|N|12.0|32.0|47.84|0.35|2016-05-31 23:08:00.0000000|9999-12-31 23:59:59.9999999
92|128|Plush shark slippers (Gray) L|Each|Each|N/A|1|N|12.0|32.0|47.84|0.35|2013-01-01 00:00:00.0000000|2016-05-31 23:00:00.0000000
527|128|Plush shark slippers (Gray) L|Each|Each|N/A|1|N|12.0|32.0|47.84|0.35|2016-05-31 23:08:00.0000000|9999-12-31 23:59:59.9999999
91|129|Plush shark slippers (Gray) XL|Each|Each|N/A|1|N|12.0|32.0|47.84|0.4|2013-01-01 00:00:00.0000000|2016-05-31 23:00:00.0000000
528|129|Plush shark slippers (Gray) XL|Each|Each|N/A|1|N|12.0|32.0|47.84|0.4|2016-05-31 23:08:00.0000000|9999-12-31 23:59:59.9999999
529|130|Furry gorilla with big eyes slippers (Black) S|Each|Each|N/A|1|N|12.0|32.0|47.84|0.35|2016-05-31 23:08:00.0000000|9999-12-31 23:59:59.9999999
530|131|Furry gorilla with big eyes slippers (Black) M|Each|Each|N/A|1|N|12.0|32.0|47.84|0.35|2016-05-31 23:08:00.0000000|9999-12-31 23:59:59.9999999
531|132|Furry gorilla with big eyes slippers (Black) L|Each|Each|N/A|1|N|12.0|32.0|47.84|0.35|2016-05-31 23:08:00.0000000|9999-12-31 23:59:59.9999999
532|133|Furry gorilla with big eyes slippers (Black) XL|Each|Each|N/A|1|N|12.0|32.0|47.84|0.4|2016-05-31 23:08:00.0000000|9999-12-31 23:59:59.9999999
533|134|Animal with big feet slippers (Brown) S|Each|Each|N/A|1|N|12.0|32.0|47.84|0.35|2016-05-31 23:08:00.0000000|9999-12-31 23:59:59.9999999
534|135|Animal with big feet slippers (Brown) M|Each|Each|N/A|1|N|12.0|32.0|47.84|0.35|2016-05-31 23:08:00.0000000|9999-12-31 23:59:59.9999999
535|136|Animal with big feet slippers (Brown) L|Each|Each|N/A|1|N|12.0|32.0|47.84|0.35|2016-05-31 23:08:00.0000000|9999-12-31 23:59:59.9999999
536|137|Animal with big feet slippers (Brown) XL|Each|Each|N/A|1|N|12.0|32.0|47.84|0.4|2016-05-31 23:08:00.0000000|9999-12-31 23:59:59.9999999
441|138|Furry animal socks (Pink) S|Pair|Packet|N/A|12|N|12.0|5.0|7.48|0.1|2016-05-31 23:00:00.0000000|9999-12-31 23:59:59.9999999
442|139|Furry animal socks (Pink) M|Pair|Packet|N/A|12|N|12.0|5.0|7.48|0.1|2016-05-31 23:00:00.0000000|9999-12-31 23:59:59.9999999
443|140|Furry animal socks (Pink) L|Pair|Packet|N/A|12|N|12.0|5.0|7.48|0.1|2016-05-31 23:00:00.0000000|9999-12-31 23:59:59.9999999
444|141|Furry animal socks (Pink) XL|Pair|Packet|N/A|12|N|12.0|5.0|7.48|0.1|2016-05-31 23:00:00.0000000|9999-12-31 23:59:59.9999999
477|142|Halloween zombie mask (Light Brown) S|Each|Carton|N/A|12|N|12.0|18.0|26.91|0.3|2016-05-31 23:04:00.0000000|9999-12-31 23:59:59.9999999
478|143|Halloween zombie mask (Light Brown) M|Each|Carton|N/A|12|N|12.0|18.0|26.91|0.3|2016-05-31 23:04:00.0000000|9999-12-31 23:59:59.9999999
479|144|Halloween zombie mask (Light Brown) L|Each|Carton|N/A|12|N|12.0|18.0|26.91|0.3|2016-05-31 23:04:00.0000000|9999-12-31 23:59:59.9999999
480|145|Halloween zombie mask (Light Brown) XL|Each|Carton|N/A|12|N|12.0|18.0|26.91|0.3|2016-05-31 23:04:00.0000000|9999-12-31 23:59:59.9999999
74|146|Halloween skull mask (Gray) S|Each|Carton|N/A|12|N|12.0|18.0|26.91|0.3|2013-01-01 00:00:00.0000000|2016-05-31 23:00:00.0000000
481|146|Halloween skull mask (Gray) S|Each|Carton|N/A|12|N|12.0|18.0|26.91|0.3|2016-05-31 23:04:00.0000000|9999-12-31 23:59:59.9999999
73|147|Halloween skull mask (Gray) M|Each|Carton|N/A|12|N|12.0|18.0|26.91|0.3|2013-01-01 00:00:00.0000000|2016-05-31 23:00:00.0000000
482|147|Halloween skull mask (Gray) M|Each|Carton|N/A|12|N|12.0|18.0|26.91|0.3|2016-05-31 23:04:00.0000000|9999-12-31 23:59:59.9999999
72|148|Halloween skull mask (Gray) L|Each|Carton|N/A|12|N|12.0|18.0|26.91|0.3|2013-01-01 00:00:00.0000000|2016-05-31 23:00:00.0000000
483|148|Halloween skull mask (Gray) L|Each|Carton|N/A|12|N|12.0|18.0|26.91|0.3|2016-05-31 23:04:00.0000000|9999-12-31 23:59:59.9999999
71|149|Halloween skull mask (Gray) XL|Each|Carton|N/A|12|N|12.0|18.0|26.91|0.3|2013-01-01 00:00:00.0000000|2016-05-31 23:00:00.0000000
484|149|Halloween skull mask (Gray) XL|Each|Carton|N/A|12|N|12.0|18.0|26.91|0.3|2016-05-31 23:04:00.0000000|9999-12-31 23:59:59.9999999
485|150|Pack of 12 action figures (variety)|Packet|Packet|N/A|1|N|2.0|16.0|23.92|0.25|2016-05-31 23:05:00.0000000|9999-12-31 23:59:59.9999999
486|151|Pack of 12 action figures (male)|Packet|Packet|N/A|1|N|2.0|16.0|23.92|0.25|2016-05-31 23:05:00.0000000|9999-12-31 23:59:59.9999999
487|152|Pack of 12 action figures (female)|Packet|Packet|N/A|1|N|2.0|16.0|23.92|0.25|2016-05-31 23:05:00.0000000|9999-12-31 23:59:59.9999999
605|153|Small sized bubblewrap roll 10m|Each|Each|N/A|10|N|14.0|4.5|6.73|5.0|2016-05-31 23:12:00.0000000|9999-12-31 23:59:59.9999999
606|154|Medium sized bubblewrap roll 20m|Each|Each|N/A|10|N|14.0|20.0|29.9|6.0|2016-05-31 23:12:00.0000000|9999-12-31 23:59:59.9999999
607|155|Large sized bubblewrap roll 50m|Each|Each|N/A|10|N|14.0|24.0|35.88|10.0|2016-05-31 23:12:00.0000000|9999-12-31 23:59:59.9999999
608|156|10 mm Double sided bubble wrap 10m|Each|Each|N/A|10|N|14.0|15.0|22.43|5.0|2016-05-31 23:12:00.0000000|9999-12-31 23:59:59.9999999
609|157|10 mm Double sided bubble wrap 20m|Each|Each|N/A|10|N|14.0|30.0|44.85|6.0|2016-05-31 23:12:00.0000000|9999-12-31 23:59:59.9999999
610|158|10 mm Double sided bubble wrap 50m|Each|Each|N/A|10|N|14.0|105.0|156.98|10.0|2016-05-31 23:12:00.0000000|9999-12-31 23:59:59.9999999
611|159|20 mm Double sided bubble wrap 10m|Each|Each|N/A|10|N|14.0|18.0|26.91|5.0|2016-05-31 23:12:00.0000000|9999-12-31 23:59:59.9999999
612|160|20 mm Double sided bubble wrap 20m|Each|Each|N/A|10|N|14.0|33.0|49.34|6.0|2016-05-31 23:12:00.0000000|9999-12-31 23:59:59.9999999
613|161|20 mm Double sided bubble wrap 50m|Each|Each|N/A|10|N|14.0|108.0|161.46|10.0|2016-05-31 23:12:00.0000000|9999-12-31 23:59:59.9999999
614|162|32 mm Double sided bubble wrap 10m|Each|Each|N/A|10|N|14.0|22.0|32.89|5.0|2016-05-31 23:12:00.0000000|9999-12-31 23:59:59.9999999
615|163|32 mm Double sided bubble wrap 20m|Each|Each|N/A|10|N|14.0|37.0|55.32|6.0|2016-05-31 23:12:00.0000000|9999-12-31 23:59:59.9999999
616|164|32 mm Double sided bubble wrap 50m|Each|Each|N/A|10|N|14.0|112.0|167.44|10.0|2016-05-31 23:12:00.0000000|9999-12-31 23:59:59.9999999
617|165|10 mm Anti static bubble wrap (Blue) 10m|Each|Each|N/A|10|N|14.0|26.0|38.87|5.0|2016-05-31 23:12:00.0000000|9999-12-31 23:59:59.9999999
618|166|10 mm Anti static bubble wrap (Blue) 20m|Each|Each|N/A|10|N|14.0|42.0|62.79|6.0|2016-05-31 23:12:00.0000000|9999-12-31 23:59:59.9999999
619|167|10 mm Anti static bubble wrap (Blue) 50m|Each|Each|N/A|10|N|14.0|99.0|148.01|10.0|2016-05-31 23:12:00.0000000|9999-12-31 23:59:59.9999999
620|168|20 mm Anti static bubble wrap (Blue) 10m|Each|Each|N/A|10|N|14.0|29.0|43.36|5.0|2016-05-31 23:12:00.0000000|9999-12-31 23:59:59.9999999
621|169|20 mm Anti static bubble wrap (Blue) 20m|Each|Each|N/A|10|N|14.0|45.0|67.28|6.0|2016-05-31 23:12:00.0000000|9999-12-31 23:59:59.9999999
622|170|20 mm Anti static bubble wrap (Blue) 50m|Each|Each|N/A|10|N|14.0|102.0|152.49|10.0|2016-05-31 23:12:00.0000000|9999-12-31 23:59:59.9999999
623|171|32 mm Anti static bubble wrap (Blue) 10m|Each|Each|N/A|10|N|14.0|32.0|47.84|5.0|2016-05-31 23:12:00.0000000|9999-12-31 23:59:59.9999999
624|172|32 mm Anti static bubble wrap (Blue) 20m|Each|Each|N/A|10|N|14.0|48.0|71.76|6.0|2016-05-31 23:12:00.0000000|9999-12-31 23:59:59.9999999
625|173|32 mm Anti static bubble wrap (Blue) 50m|Each|Each|N/A|10|N|14.0|105.0|156.98|10.0|2016-05-31 23:12:00.0000000|9999-12-31 23:59:59.9999999
626|174|Bubblewrap dispenser (Black) 1.5m|Each|Each|N/A|1|N|14.0|240.0|358.8|10.0|2016-05-31 23:12:00.0000000|9999-12-31 23:59:59.9999999
627|175|Bubblewrap dispenser (Blue) 1.5m|Each|Each|N/A|1|N|14.0|240.0|358.8|10.0|2016-05-31 23:12:00.0000000|9999-12-31 23:59:59.9999999
628|176|Bubblewrap dispenser (Red) 1.5m|Each|Each|N/A|1|N|14.0|240.0|358.8|10.0|2016-05-31 23:12:00.0000000|9999-12-31 23:59:59.9999999
629|177|Shipping carton (Brown) 413x285x187mm|Each|Each|N/A|25|N|14.0|1.05|1.57|0.3|2016-05-31 23:12:00.0000000|9999-12-31 23:59:59.9999999
630|178|Shipping carton (Brown) 500x310x310mm|Each|Each|N/A|25|N|14.0|2.55|3.81|0.4|2016-05-31 23:12:00.0000000|9999-12-31 23:59:59.9999999
631|179|Shipping carton (Brown) 229x229x229mm|Each|Each|N/A|25|N|14.0|1.05|1.57|0.3|2016-05-31 23:12:00.0000000|9999-12-31 23:59:59.9999999
632|180|Shipping carton (Brown) 279x254x217mm|Each|Each|N/A|25|N|14.0|1.11|1.66|0.3|2016-05-31 23:12:00.0000000|9999-12-31 23:59:59.9999999
633|181|Shipping carton (Brown) 356x229x229mm|Each|Each|N/A|25|N|14.0|1.14|1.7|0.4|2016-05-31 23:12:00.0000000|9999-12-31 23:59:59.9999999
634|182|Shipping carton (Brown) 457x279x279mm|Each|Each|N/A|25|N|14.0|1.28|1.91|0.4|2016-05-31 23:12:00.0000000|9999-12-31 23:59:59.9999999
635|183|Shipping carton (Brown) 480x270x320mm|Each|Each|N/A|25|N|14.0|2.74|4.1|0.4|2016-05-31 23:12:00.0000000|9999-12-31 23:59:59.9999999
636|184|Shipping carton (Brown) 305x305x305mm|Each|Each|N/A|25|N|14.0|3.5|5.23|0.3|2016-05-31 23:12:00.0000000|9999-12-31 23:59:59.9999999
637|185|Shipping carton (Brown) 356x356x279mm|Each|Each|N/A|25|N|14.0|2.04|3.05|0.3|2016-05-31 23:12:00.0000000|9999-12-31 23:59:59.9999999
638|186|Shipping carton (Brown) 457x457x457mm|Each|Each|N/A|25|N|14.0|2.1|3.14|0.4|2016-05-31 23:12:00.0000000|9999-12-31 23:59:59.9999999
639|187|Express post box 5kg (White) 350x280x130mm|Each|Each|N/A|25|N|14.0|0.95|1.42|0.2|2016-05-31 23:12:00.0000000|9999-12-31 23:59:59.9999999
640|188|3 kg Courier post bag (White) 300x190x95mm|Each|Each|N/A|25|N|14.0|0.66|0.99|0.1|2016-05-31 23:12:00.0000000|9999-12-31 23:59:59.9999999
641|189|Clear packaging tape 48mmx75m|Each|Each|N/A|26|N|14.0|2.9|4.34|0.5|2016-05-31 23:12:00.0000000|9999-12-31 23:59:59.9999999
642|190|Clear packaging tape 48mmx100m|Each|Each|N/A|20|N|14.0|3.5|5.23|0.7|2016-05-31 23:12:00.0000000|9999-12-31 23:59:59.9999999
643|191|Black and orange fragile despatch tape 48mmx75m|Each|Each|N/A|36|N|14.0|3.7|5.53|0.5|2016-05-31 23:12:00.0000000|9999-12-31 23:59:59.9999999
644|192|Black and orange fragile despatch tape 48mmx100m|Each|Each|N/A|36|N|14.0|4.1|6.13|0.7|2016-05-31 23:12:00.0000000|9999-12-31 23:59:59.9999999
645|193|Black and orange glass with care despatch tape 48mmx75m|Each|Each|N/A|24|N|14.0|3.7|5.53|0.5|2016-05-31 23:12:00.0000000|9999-12-31 23:59:59.9999999
646|194|Black and orange glass with care despatch tape  48mmx100m|Each|Each|N/A|24|N|14.0|4.1|6.13|0.7|2016-05-31 23:12:00.0000000|9999-12-31 23:59:59.9999999
647|195|Black and orange handle with care despatch tape  48mmx75m|Each|Each|N/A|24|N|14.0|3.7|5.53|0.5|2016-05-31 23:12:00.0000000|9999-12-31 23:59:59.9999999
648|196|Black and orange handle with care despatch tape  48mmx100m|Each|Each|N/A|24|N|14.0|4.1|6.13|0.7|2016-05-31 23:12:00.0000000|9999-12-31 23:59:59.9999999
649|197|Black and orange this way up despatch tape 48mmx75m|Each|Each|N/A|24|N|14.0|3.7|5.53|0.5|2016-05-31 23:12:00.0000000|9999-12-31 23:59:59.9999999
650|198|Black and orange this way up despatch tape  48mmx100m|Each|Each|N/A|24|N|14.0|4.1|6.13|0.7|2016-05-31 23:12:00.0000000|9999-12-31 23:59:59.9999999
651|199|Black and yellow heavy despatch tape  48mmx75m|Each|Each|N/A|24|N|14.0|3.7|5.53|0.5|2016-05-31 23:12:00.0000000|9999-12-31 23:59:59.9999999
652|200|Black and yellow heavy despatch tape 48mmx100m|Each|Each|N/A|24|N|14.0|4.1|6.13|0.7|2016-05-31 23:12:00.0000000|9999-12-31 23:59:59.9999999
653|201|Red and white urgent despatch tape 48mmx75m|Each|Each|N/A|24|N|14.0|3.7|5.53|0.5|2016-05-31 23:12:00.0000000|9999-12-31 23:59:59.9999999
654|202|Red and white urgent  heavy despatch tape  48mmx100m|Each|Each|N/A|24|N|14.0|4.1|6.13|0.7|2016-05-31 23:12:00.0000000|9999-12-31 23:59:59.9999999
655|203|Tape dispenser (Black)|Each|Each|N/A|10|N|20.0|32.0|47.84|1.0|2016-05-31 23:12:00.0000000|9999-12-31 23:59:59.9999999
656|204|Tape dispenser (Red)|Each|Each|N/A|10|N|20.0|32.0|47.84|1.0|2016-05-31 23:12:00.0000000|9999-12-31 23:59:59.9999999
657|205|Tape dispenser (Blue)|Each|Each|N/A|10|N|20.0|32.0|47.84|1.0|2016-05-31 23:12:00.0000000|9999-12-31 23:59:59.9999999
658|206|Permanent marker black 5mm nib (Black) 5mm|Each|Each|N/A|12|N|14.0|2.7|4.04|0.1|2016-05-31 23:12:00.0000000|9999-12-31 23:59:59.9999999
659|207|Permanent marker blue 5mm nib (Blue) 5mm|Each|Each|N/A|12|N|14.0|2.7|4.04|0.1|2016-05-31 23:12:00.0000000|9999-12-31 23:59:59.9999999
660|208|Permanent marker red 5mm nib (Red) 5mm|Each|Each|N/A|12|N|14.0|2.7|4.04|0.1|2016-05-31 23:12:00.0000000|9999-12-31 23:59:59.9999999
661|209|Packing knife with metal insert blade (Yellow) 9mm|Each|Each|N/A|5|N|14.0|1.89|2.83|0.5|2016-05-31 23:12:00.0000000|9999-12-31 23:59:59.9999999
662|210|Packing knife with metal insert blade (Yellow) 18mm|Each|Each|N/A|5|N|14.0|2.4|3.59|0.5|2016-05-31 23:12:00.0000000|9999-12-31 23:59:59.9999999
663|211|Small 9mm replacement blades 9mm|Each|Each|N/A|10|N|14.0|4.1|6.13|0.7|2016-05-31 23:12:00.0000000|9999-12-31 23:59:59.9999999
664|212|Large  replacement blades 18mm|Each|Each|N/A|10|N|14.0|4.3|6.43|0.8|2016-05-31 23:12:00.0000000|9999-12-31 23:59:59.9999999
665|213|Air cushion film 200mmx100mm 325m|Each|Each|N/A|1|N|14.0|87.0|130.07|5.0|2016-05-31 23:12:00.0000000|9999-12-31 23:59:59.9999999
666|214|Air cushion film 200mmx200mm 325m|Each|Each|N/A|1|N|14.0|90.0|134.55|6.0|2016-05-31 23:12:00.0000000|9999-12-31 23:59:59.9999999
667|215|Air cushion machine (Blue)|Each|Each|N/A|1|N|20.0|1899.0|2839.01|10.0|2016-05-31 23:12:00.0000000|9999-12-31 23:59:59.9999999
668|216|Void fill 100 L bag (White) 100L|Each|Each|N/A|10|N|14.0|12.5|18.69|0.25|2016-05-31 23:12:00.0000000|9999-12-31 23:59:59.9999999
669|217|Void fill 200 L bag (White) 200L|Each|Each|N/A|10|N|14.0|25.0|37.38|0.5|2016-05-31 23:12:00.0000000|9999-12-31 23:59:59.9999999
670|218|Void fill 300 L bag (White) 300L|Each|Each|N/A|10|N|14.0|37.5|56.06|0.75|2016-05-31 23:12:00.0000000|9999-12-31 23:59:59.9999999
671|219|Void fill 400 L bag (White) 400L|Each|Each|N/A|10|N|14.0|50.0|74.75|1.0|2016-05-31 23:12:00.0000000|9999-12-31 23:59:59.9999999
445|220|Novelty chilli chocolates 250g|Bag|Carton|N/A|24|Y|3.0|8.55|12.23|0.25|2016-05-31 23:00:00.0000000|9999-12-31 23:59:59.9999999
446|221|Novelty chilli chocolates 500g|Bag|Carton|N/A|12|Y|3.0|14.5|20.74|0.5|2016-05-31 23:00:00.0000000|9999-12-31 23:59:59.9999999
447|222|Chocolate beetles 250g|Bag|Carton|N/A|24|Y|3.0|8.55|12.23|0.25|2016-05-31 23:00:00.0000000|9999-12-31 23:59:59.9999999
448|223|Chocolate echidnas 250g|Bag|Carton|N/A|24|Y|3.0|8.55|12.23|0.25|2016-05-31 23:00:00.0000000|9999-12-31 23:59:59.9999999
449|224|Chocolate frogs 250g|Bag|Carton|N/A|24|Y|3.0|8.55|12.23|0.25|2016-05-31 23:00:00.0000000|9999-12-31 23:59:59.9999999
450|225|Chocolate sharks 250g|Bag|Carton|N/A|24|Y|3.0|8.55|12.23|0.25|2016-05-31 23:00:00.0000000|9999-12-31 23:59:59.9999999
451|226|White chocolate snow balls 250g|Bag|Carton|N/A|24|Y|3.0|8.55|12.23|0.25|2016-05-31 23:00:00.0000000|9999-12-31 23:59:59.9999999
452|227|White chocolate moon rocks 250g|Bag|Carton|N/A|24|Y|3.0|8.55|12.23|0.25|2016-05-31 23:00:00.0000000|9999-12-31 23:59:59.9999999
